target,first,last
0,0.7171879145175375,0.3736868001702734
23420,0.5355153976380136,0.07640402491677102
26974,0.24404913549960108,0.15874346670791475
1,0.9151704216899068,0.24390517268643888
7990,0.8083013864740308,0.09557247051621029
19733,0.8060608296423385,0.42441755252538693
257,0.45841882957922186,0.168309321786189
33135,0.8557369458795437,0.061073157045705526
19158,0.5745694128087255,0.49106340455159386
298,0.7660750414720805,0.21990744358031525
10990,0.38313950082787196,0.08220300201021523
16951,0.6222071471574654,0.3854100372621683
431,0.7693979054571343,0.24591895575777722
1552,0.7690580123436607,0.09318520420971095
13347,0.46745812283144095,0.45045409228319516
470,0.25449237825646426,0.11901168253287547
21726,0.8533229866461554,0.040634544274814256
12316,0.49269517945347757,0.1603590438547603
611,0.4379392034105137,0.14483882886093072
21950,0.3807180893579759,0.10920157647948919
12168,0.277643676802017,0.3050977408812515
624,0.8531162989189691,0.19334472136532893
18297,0.5350097781246166,0.07993264586677844
12163,0.7101573163269176,0.4182976707956101
635,0.6153086230748352,0.1754712058925191
19392,0.8416363562380916,0.1387256960506105
12028,0.31556442967149345,0.33498400475474616
653,0.8498678229557578,0.21895850280701212
19807,0.8989991409904948,0.13519211213740345
11216,0.5402946757570802,0.27492588913824006
